name,OEP
accesschk.exe,0x0040c429
AccessEnum.exe,0x00407a98
ADExplorer.exe,0x004149ec
ADInsight.exe,0x00434dac
adrestore.exe,0x00402471
Autologon.exe,0x00403980
BatteryInfoView.exe,0x0040be9a
Bginfo.exe,0x005b5d42
BlueScreenView.exe,0x0040e78e
Cacheset.exe,0x004024a2
Clockres.exe,0x00404002
ComIntRep.exe,0x0042800a
Contig.exe,0x00407f58
Coreinfo.exe,0x00407474
ctrl2cap.exe,0x0040221a
Dbgview.exe,0x00415757
Desktops.exe,0x004046c6
disk2vhd.exe,0x0042bf34
diskext.exe,0x0040480c
Diskmon.exe,0x0040b4b8
DiskView.exe,0x0040c983
DriverView.exe,0x0040a36a
du.exe,0x004068c9
dxwebsetup.exe,0x01005a5e
efsdump.exe,0x00402138
ESEDatabaseView.exe,0x0040feea
EventLogChannelsView.exe,0x0040e52e
FastHash_kr.exe,0x0041dffa
FileTypesMan.exe,0x004109f0
FindLinks.exe,0x00404c99
FolderTimeUpdate.exe,0x0040c3a6
FullEventLogView.exe,0x00411228
geek.exe,0x00559760
grepWin-1.9.0_portable.exe,0x0046db4b
handle.exe,0x00407336
HashCalc.exe,0x00411e58
Hasher.exe,0x00482628
Hash.exe,0x0040532c
hex2dec.exe,0x004047af
HWMonitorPro_x32.exe,0x004cb60b
InstalledPackagesView.exe,0x0040d42a
junction.exe,0x004064ac
LastActivityView.exe,0x004127f8
ldmdump.exe,0x00403024
Listdlls.exe,0x00409666
livekd.exe,0x00409663
LoadOrdC.exe,0x00404de2
LoadOrd.exe,0x00404e14
logonsessions.exe,0x00405f5b
MailbirdInstaller.exe,0x0048f113
md5summer.exe,0x0049ec68
movefile.exe,0x00403f4b
notmyfaultc.exe,0x00405810
notmyfault.exe,0x00404f25
ntfsinfo.exe,0x004046af
OpenedFilesView.exe,0x0040fc10
PAGEANT_32.EXE,0x0042c3a6
pagedfrg.exe,0x00403d50
pendmoves.exe,0x00404452
PEview.exe,0x00401000
pipelist.exe,0x0040550b
PortableWinCDEmu-4.0.exe,0x0041216a
portmon.exe,0x00413b0e
procdump.exe,0x004171e7
Procmon.exe,0x004755cb
ProduKey.exe,0x0040d10a
PsExec.exe,0x00409de6
psfile.exe,0x004054a0
PsGetsid.exe,0x00407ecb
PsInfo.exe,0x0040a0cf
pskill.exe,0x0040763e
pslist.exe,0x00409bbe
PsLoggedon.exe,0x00405926
psloglist.exe,0x00409955
pspasswd.exe,0x00405be3
psping.exe,0x004115cc
PsService.exe,0x00407f52
psshutdown.exe,0x0040677f
pssuspend.exe,0x004074fe
puttytel_32.exe,0x0045bfe6
RAMMap.exe,0x0041ab3f
RegDelNull.exe,0x00405426
RegDllView.exe,0x0040c80c
regjump.exe,0x00404256
ru.exe,0x0040570c
sdelete.exe,0x0040699f
SearchMyFiles.exe,0x00418100
ShareEnum.exe,0x00409013
ShellRunas.exe,0x00403ba0
shexview.exe,0x0040ef60
shmnview.exe,0x0040b008
streams.exe,0x00404a16
strings.exe,0x004058a6
sync.exe,0x004049fe
sysexp.exe,0x0040acb2
Sysmon.exe,0x00443cc8
TaskSchedulerView.exe,0x0040e1d0
Tcpvcon.exe,0x00408fd4
Tcpview.exe,0x004149d8
Testlimit.exe,0x0040561e
TurnedOnTimesView.exe,0x0040ef42
USBDeview.exe,0x00413738
vmmap.exe,0x004313a5
Volumeid.exe,0x00405f50
WhatIsHang.exe,0x0040d924
whois.exe,0x00405536
